Loan Amount,Payment Coupon,Borrower Credit Score,Borrower Total Debt-to-Income Ratio,,,,
"$67,492 ",3.77%,660,0.23,,,,
"$120,131 ",2.78%,697,0.72,,,,
"$182,208 ",4.91%,771,0.2,,,,
"$38,178 ",6.54%,725,0.55,,,,
"$131,363 ",3.49%,617,0.93,,,,
"$108,512 ",4.62%,796,0.53,,,,
"$161,915 ",5.89%,747,0.78,,,,
"$181,856 ",3.69%,715,0.2,,,,
"$23,879 ",5.02%,677,0.35,,,,
"$168,994 ",3.42%,635,0.2,,,,
"$113,389 ",2.28%,773,0.39,,,,
"$78,507 ",5.16%,711,0.2,,,,
"$8,429 ",3.22%,674,0.2,,,,
"$60,596 ",3.78%,714,0.89,,,,
"$117,065 ",5.54%,722,0.67,,,,
"$74,343 ",4.08%,605,0.49,,,,
"$17,659 ",3.89%,787,0.25,,,,
"$105,480 ",6.27%,684,0.48,,,,
"$110,208 ",3.83%,672,0.77,,,,
"$139,623 ",2.34%,602,0.63,,,,
"$29,872 ",6.32%,627,0.39,,,,
"$13,603 ",4.42%,617,0.84,,,,
"$40,865 ",2.34%,612,0.61,,,,
"$104,477 ",6.62%,726,0.34,,,,
"$134,364 ",4.92%,687,0.2,,,,
"$31,892 ",4.04%,671,0.42,,,,
"$152,258 ",2.84%,646,0.2,,,,
"$85,304 ",5.04%,609,0.2,,,,
"$19,709 ",3.25%,629,1.08,,,,
"$14,175 ",2.46%,707,0.28,,,,
"$132,592 ",2.22%,679,0.74,,,,
"$195,382 ",2.72%,706,0.2,,,,
"$15,856 ",6.28%,748,0.52,,,,
"$42,215 ",2.92%,633,0.8,,,,
"$112,734 ",5.31%,748,0.34,,,,
"$81,816 ",4.39%,683,0.97,,,,
"$76,382 ",2.76%,658,0.93,,,,
"$134,763 ",6.80%,684,0.2,,,,
"$75,523 ",6.18%,786,0.2,,,,
"$6,986 ",2.80%,666,0.51,,,,
"$165,038 ",2.13%,670,1,,,,
"$99,176 ",6.70%,681,0.94,,,,
"$109,726 ",6.40%,694,0.33,,,,
"$97,812 ",6.75%,745,0.2,,,,
"$185,402 ",3.12%,663,0.64,,,,
"$164,304 ",2.45%,790,0.51,,,,
"$198,829 ",3.77%,685,1,,,,
"$133,814 ",3.26%,703,0.31,,,,
"$183,394 ",3.45%,779,0.49,,,,
"$115,314 ",5.40%,718,0.98,,,,
"$45,099 ",6.44%,702,0.86,,,,
"$36,899 ",6.66%,674,0.36,,,,
"$146,159 ",4.03%,785,0.86,,,,
"$108,233 ",2.36%,753,0.88,,,,
"$121,966 ",3.74%,657,1.09,,,,
"$122,016 ",3.27%,634,0.83,,,,
"$199,654 ",3.55%,624,0.22,,,,
"$5,830 ",2.63%,689,0.57,,,,
"$195,240 ",2.30%,697,0.81,,,,
"$122,387 ",2.65%,738,0.97,,,,
"$109,964 ",6.58%,703,0.7,,,,
"$198,100 ",3.67%,768,0.38,,,,
"$42,309 ",3.61%,734,0.2,,,,
"$140,574 ",6.67%,772,0.46,,,,
"$37,965 ",4.31%,609,0.33,,,,
"$153,996 ",2.86%,721,0.27,,,,
"$75,078 ",5.99%,737,0.57,,,,
"$116,274 ",4.54%,738,0.26,,,,
"$27,624 ",2.64%,729,0.65,,,,
"$80,433 ",5.22%,779,0.43,,,,
"$125,162 ",5.79%,735,0.2,,,,
"$36,089 ",4.12%,735,0.32,,,,
"$171,180 ",3.17%,630,0.25,,,,
"$143,804 ",5.84%,604,0.91,,,,
"$169,415 ",2.27%,673,0.56,,,,
"$110,839 ",7.00%,633,0.53,,,,
"$83,353 ",6.48%,610,0.46,,,,
"$100,072 ",5.99%,754,0.25,,,,
"$156,524 ",5.96%,747,0.63,,,,
"$148,402 ",3.91%,603,0.22,,,,
"$109,334 ",6.13%,773,0.45,,,,
"$6,386 ",6.38%,605,1.07,,,,
"$42,948 ",3.06%,654,0.2,,,,
"$49,403 ",2.64%,699,0.72,,,,
"$45,775 ",3.01%,697,0.87,,,,
"$13,220 ",6.64%,652,0.2,,,,
"$64,808 ",6.01%,611,1.03,,,,
"$92,196 ",6.11%,736,0.44,,,,
"$171,670 ",6.48%,703,0.93,,,,
"$132,397 ",6.20%,799,1.05,,,,
"$23,691 ",4.25%,799,0.92,,,,
"$123,682 ",6.07%,707,0.49,,,,
"$21,317 ",3.97%,701,0.2,,,,
"$12,550 ",5.92%,769,1.1,,,,
"$155,878 ",2.52%,613,0.55,,,,
"$141,814 ",2.16%,668,0.8,,,,
"$37,117 ",6.74%,644,1.02,,,,
"$182,219 ",2.51%,740,0.49,,,,
"$12,526 ",4.87%,771,0.94,,,,
"$141,033 ",3.53%,694,0.76,,,,
"$29,743 ",4.96%,758,0.24,,,,
"$180,229 ",5.79%,663,0.58,,,,
"$117,089 ",5.37%,776,0.2,,,,
"$62,064 ",2.71%,798,0.33,,,,
"$36,469 ",3.33%,723,0.77,,,,
"$128,005 ",2.04%,604,0.78,,,,
"$87,289 ",2.76%,775,1.1,,,,
"$61,131 ",3.41%,650,0.24,,,,
"$114,320 ",3.11%,760,0.95,,,,
"$81,989 ",3.48%,669,0.48,,,,
"$73,680 ",5.64%,683,0.64,,,,
"$126,883 ",2.26%,612,0.2,,,,
"$94,940 ",2.37%,698,0.32,,,,
"$84,317 ",5.37%,796,0.67,,,,
"$123,939 ",3.86%,738,0.5,,,,
"$170,942 ",6.00%,679,0.2,,,,
"$151,116 ",3.54%,693,0.59,,,,
"$135,623 ",3.95%,614,0.56,,,,
"$25,583 ",4.36%,657,0.48,,,,
"$26,712 ",5.56%,758,0.51,,,,
"$5,439 ",3.59%,794,0.72,,,,
"$162,460 ",2.91%,731,1.07,,,,
"$191,278 ",2.02%,626,0.58,,,,
"$86,687 ",6.71%,700,0.35,,,,
"$101,282 ",4.95%,704,1.01,,,,
"$163,546 ",5.64%,690,0.54,,,,
"$181,599 ",5.65%,786,0.93,,,,
"$181,802 ",5.81%,612,0.54,,,,
"$25,520 ",6.85%,641,0.62,,,,
"$187,340 ",2.63%,718,0.59,,,,
"$106,088 ",5.70%,628,0.47,,,,
"$92,990 ",5.06%,715,0.25,,,,
"$108,859 ",2.48%,686,0.8,,,,
"$78,145 ",3.41%,616,0.37,,,,
"$10,878 ",5.43%,752,1.06,,,,
"$74,581 ",5.45%,783,0.58,,,,
"$105,976 ",2.45%,750,0.87,,,,
"$136,518 ",4.87%,791,0.79,,,,
"$125,261 ",2.66%,705,0.76,,,,
"$130,467 ",4.31%,662,0.63,,,,
"$83,428 ",3.58%,694,0.26,,,,
"$100,433 ",2.40%,632,0.76,,,,
"$51,315 ",6.85%,787,0.82,,,,
"$36,566 ",5.06%,651,1.07,,,,
"$177,082 ",5.88%,776,0.42,,,,
"$35,914 ",4.74%,721,0.2,,,,
"$20,959 ",3.07%,696,0.34,,,,
"$95,113 ",6.54%,636,0.2,,,,
"$178,720 ",4.76%,783,0.22,,,,
"$166,160 ",4.18%,702,0.95,,,,
"$124,037 ",5.15%,714,0.83,,,,
"$177,636 ",4.36%,618,1.01,,,,
"$172,099 ",6.05%,779,0.28,,,,
"$111,673 ",6.40%,790,0.37,,,,
"$46,463 ",6.17%,645,0.84,,,,
"$133,043 ",2.79%,674,0.45,,,,
"$105,078 ",4.08%,615,0.34,,,,
"$115,390 ",2.89%,781,1.08,,,,
"$48,219 ",2.48%,625,0.7,,,,
"$16,378 ",2.02%,750,0.93,,,,
"$60,206 ",6.81%,604,1.07,,,,
"$174,375 ",6.43%,703,0.54,,,,
"$119,073 ",5.66%,732,0.48,,,,
"$46,571 ",2.96%,721,0.79,,,,
"$13,171 ",2.04%,693,0.54,,,,
"$74,811 ",2.25%,639,0.65,,,,
"$142,492 ",5.06%,725,0.43,,,,
"$138,889 ",6.16%,800,0.25,,,,
"$115,208 ",3.72%,719,1.02,,,,
"$57,288 ",3.84%,714,0.2,,,,
"$31,801 ",5.30%,682,0.23,,,,
"$165,938 ",6.89%,775,0.62,,,,
"$42,755 ",6.10%,644,0.82,,,,
"$151,937 ",6.23%,723,0.9,,,,
"$11,164 ",5.88%,633,0.58,,,,
"$134,714 ",3.59%,608,0.52,,,,
"$163,935 ",6.61%,651,0.2,,,,
"$129,252 ",6.80%,767,0.41,,,,
"$192,989 ",6.38%,693,1.01,,,,
"$70,711 ",4.47%,737,0.68,,,,
"$59,323 ",2.00%,702,0.45,,,,
"$56,449 ",5.19%,635,0.27,,,,
"$192,775 ",2.85%,768,0.74,,,,
"$82,451 ",4.04%,773,0.41,,,,
"$49,555 ",6.62%,668,1.06,,,,
"$103,810 ",2.81%,676,1.07,,,,
"$144,354 ",4.62%,695,0.74,,,,
"$94,647 ",4.47%,800,0.66,,,,
"$67,518 ",6.10%,703,0.33,,,,
"$164,930 ",3.04%,620,1.03,,,,
"$110,226 ",3.90%,788,0.42,,,,
"$26,535 ",2.86%,751,0.87,,,,
"$181,874 ",5.07%,775,1.06,,,,
"$165,025 ",6.10%,723,1.08,,,,
"$103,126 ",2.53%,716,0.2,,,,
"$111,860 ",4.90%,760,0.73,,,,
"$43,013 ",4.54%,715,0.32,,,,
"$12,589 ",3.77%,602,0.33,,,,
"$165,775 ",6.98%,601,0.25,,,,
"$108,097 ",4.87%,787,0.5,,,,
"$6,441 ",4.51%,631,0.75,,,,
"$113,621 ",3.37%,742,0.71,,,,
"$140,111 ",2.79%,668,0.65,,,,
"$97,779 ",2.79%,604,0.2,,,,
"$161,588 ",4.95%,787,0.31,,,,
"$163,627 ",4.53%,600,0.9,,,,
"$174,099 ",5.00%,637,0.2,,,,
"$66,201 ",6.31%,625,0.57,,,,
"$99,940 ",5.44%,787,0.98,,,,
"$131,704 ",3.47%,666,0.5,,,,
"$191,650 ",2.08%,768,0.9,,,,
"$187,508 ",2.61%,645,0.7,,,,
"$81,525 ",5.49%,660,1.01,,,,
"$26,612 ",2.65%,663,0.54,,,,
"$198,892 ",3.88%,739,0.27,,,,
"$123,048 ",4.95%,728,0.2,,,,
"$41,999 ",5.57%,606,1.02,,,,
"$87,911 ",2.71%,638,0.95,,,,
"$152,885 ",6.57%,654,0.2,,,,
"$19,917 ",2.98%,752,0.58,,,,
"$113,546 ",5.53%,799,0.36,,,,
"$86,349 ",3.19%,624,0.27,,,,
"$52,255 ",5.50%,617,0.85,,,,
"$100,659 ",2.79%,681,0.58,,,,
"$133,724 ",5.11%,794,0.81,,,,
"$163,167 ",3.65%,755,0.91,,,,
"$62,285 ",5.60%,612,0.86,,,,
"$177,453 ",6.89%,795,0.25,,,,
"$182,018 ",5.60%,640,0.59,,,,
"$65,719 ",4.98%,659,0.55,,,,
"$66,233 ",5.49%,652,0.74,,,,
"$66,206 ",5.69%,652,0.2,,,,
"$151,613 ",5.31%,800,1.02,,,,
"$71,922 ",5.13%,790,0.2,,,,
"$89,730 ",5.04%,693,0.45,,,,
"$166,402 ",2.75%,653,0.48,,,,
"$70,330 ",6.50%,745,0.35,,,,
"$97,002 ",5.78%,669,0.98,,,,
"$23,391 ",5.35%,715,0.83,,,,
"$103,628 ",4.90%,709,0.64,,,,
"$141,392 ",3.96%,605,0.41,,,,
"$81,720 ",5.55%,759,0.28,,,,
"$137,871 ",4.52%,795,0.71,,,,
"$178,909 ",6.11%,733,0.45,,,,
"$40,076 ",4.18%,758,0.3,,,,
"$144,917 ",6.77%,733,0.41,,,,
"$180,760 ",3.68%,722,0.81,,,,
"$163,327 ",4.10%,610,0.42,,,,
"$63,430 ",5.37%,683,0.73,,,,
"$76,046 ",4.55%,777,0.2,,,,
"$34,464 ",2.77%,791,0.2,,,,
"$49,349 ",4.20%,676,0.2,,,,
"$8,772 ",3.73%,679,0.2,,,,
"$187,691 ",2.67%,717,0.26,,,,
"$33,070 ",5.84%,640,0.2,,,,
"$32,932 ",2.37%,640,0.76,,,,
"$111,126 ",6.47%,665,0.42,,,,
"$100,226 ",6.11%,666,0.99,,,,
"$134,286 ",6.20%,706,0.59,,,,
"$70,378 ",6.92%,675,0.99,,,,
"$125,198 ",5.76%,600,0.4,,,,
"$17,126 ",5.50%,770,0.55,,,,
"$17,639 ",5.27%,693,0.78,,,,
"$106,158 ",4.71%,633,0.86,,,,
"$115,227 ",6.34%,602,0.3,,,,
"$106,012 ",5.89%,717,1,,,,
"$129,448 ",4.83%,678,0.47,,,,
"$100,370 ",6.97%,610,0.2,,,,
"$59,748 ",5.42%,748,0.43,,,,
"$178,380 ",5.42%,757,0.62,,,,
"$27,836 ",3.89%,651,0.77,,,,
"$172,557 ",4.33%,756,0.54,,,,
"$88,687 ",4.14%,716,0.54,,,,
"$88,401 ",3.37%,612,0.68,,,,
"$12,223 ",5.30%,603,1.05,,,,
"$46,103 ",4.29%,798,0.38,,,,
"$72,898 ",3.91%,746,1.08,,,,
"$111,206 ",2.79%,736,0.32,,,,
"$199,327 ",5.80%,731,0.73,,,,
"$85,586 ",6.23%,661,0.37,,,,
"$61,116 ",2.40%,765,0.65,,,,
"$113,102 ",2.92%,662,0.7,,,,
"$150,446 ",3.91%,788,0.73,,,,
"$120,887 ",3.70%,690,0.59,,,,
"$15,646 ",3.16%,625,1.07,,,,
"$118,924 ",6.88%,664,0.4,,,,
"$24,259 ",4.83%,706,0.26,,,,
"$47,504 ",6.87%,610,0.23,,,,
"$169,039 ",5.23%,670,0.78,,,,
"$155,490 ",5.37%,780,0.34,,,,
"$106,995 ",5.21%,613,0.21,,,,
"$127,465 ",4.85%,690,0.25,,,,
"$110,312 ",6.15%,751,0.2,,,,
"$14,014 ",6.88%,611,0.92,,,,
"$84,009 ",3.55%,656,0.37,,,,
"$9,406 ",5.40%,631,0.77,,,,
"$148,336 ",6.78%,718,0.95,,,,
"$49,641 ",5.27%,769,0.4,,,,
"$108,838 ",3.42%,682,0.37,,,,
"$116,248 ",2.39%,657,0.59,,,,
"$136,746 ",2.67%,748,0.26,,,,
"$117,138 ",2.69%,639,0.69,,,,
"$141,372 ",2.14%,612,0.89,,,,
"$97,523 ",2.89%,783,0.32,,,,
"$166,607 ",4.54%,792,0.29,,,,
"$35,870 ",4.06%,680,0.2,,,,
"$21,100 ",2.54%,734,0.79,,,,
"$124,968 ",6.14%,739,0.97,,,,
"$53,251 ",2.29%,619,0.59,,,,
"$14,201 ",6.73%,719,0.98,,,,
"$30,294 ",6.60%,717,0.5,,,,
"$116,407 ",4.35%,657,0.51,,,,
"$147,728 ",3.28%,756,0.35,,,,
"$151,403 ",2.30%,662,0.58,,,,
"$83,070 ",5.70%,792,0.31,,,,
"$165,535 ",6.04%,614,0.47,,,,
"$184,028 ",2.19%,775,0.39,,,,
"$48,257 ",4.13%,725,0.26,,,,
"$116,466 ",2.68%,700,0.58,,,,
"$73,168 ",6.16%,624,0.34,,,,
"$146,583 ",5.03%,741,0.81,,,,
"$6,489 ",6.15%,615,0.42,,,,
"$169,880 ",5.76%,790,0.3,,,,
"$197,799 ",4.97%,741,0.42,,,,
"$101,673 ",6.49%,724,0.2,,,,
"$13,575 ",4.25%,754,0.94,,,,
"$77,895 ",5.01%,602,0.63,,,,
"$144,808 ",5.42%,648,1.06,,,,
"$29,208 ",3.36%,787,1.08,,,,
"$115,524 ",2.99%,603,1.1,,,,
"$113,159 ",6.01%,712,0.2,,,,
"$167,231 ",3.83%,780,0.55,,,,
"$164,794 ",3.15%,788,0.2,,,,
"$86,165 ",3.41%,743,0.41,,,,
"$131,138 ",2.65%,662,0.32,,,,
"$18,418 ",5.07%,767,0.3,,,,
"$180,609 ",5.17%,696,0.98,,,,
"$106,525 ",6.84%,786,1.07,,,,
"$10,777 ",2.54%,652,0.55,,,,
"$60,990 ",5.28%,657,0.84,,,,
"$127,939 ",2.64%,762,0.33,,,,
"$105,875 ",6.45%,642,0.89,,,,
"$108,927 ",6.21%,688,0.25,,,,
"$71,846 ",3.67%,760,0.6,,,,
"$173,177 ",3.28%,688,0.49,,,,
"$51,773 ",6.58%,622,0.2,,,,
"$129,762 ",6.17%,798,0.59,,,,
"$162,459 ",4.05%,688,0.37,,,,
"$69,319 ",6.44%,785,1.08,,,,
"$123,672 ",3.07%,740,0.36,,,,
"$130,857 ",3.57%,642,1.06,,,,
"$124,225 ",3.29%,624,0.8,,,,
"$146,954 ",4.87%,726,0.93,,,,
"$193,345 ",2.48%,661,0.61,,,,
"$9,901 ",6.13%,703,0.2,,,,
"$192,509 ",3.64%,798,0.94,,,,
"$186,507 ",3.69%,672,0.2,,,,
"$138,900 ",6.68%,677,0.55,,,,
"$188,607 ",6.97%,732,0.24,,,,
"$39,590 ",2.67%,663,0.2,,,,
"$199,265 ",4.47%,778,0.68,,,,
"$90,901 ",5.89%,684,0.22,,,,
"$55,197 ",3.05%,696,1.1,,,,
"$139,668 ",4.86%,619,0.97,,,,
"$52,426 ",5.22%,781,0.65,,,,
"$51,977 ",2.92%,781,0.56,,,,
"$72,516 ",4.27%,710,0.32,,,,
"$192,146 ",3.41%,697,0.91,,,,
"$162,318 ",3.68%,701,0.8,,,,
"$78,003 ",5.79%,680,0.89,,,,
"$74,276 ",3.55%,727,0.61,,,,
"$15,163 ",6.03%,602,1.05,,,,
"$180,664 ",6.05%,785,0.97,,,,
"$161,622 ",2.21%,704,0.35,,,,
"$72,986 ",2.94%,788,0.75,,,,
"$188,858 ",6.05%,724,0.24,,,,
"$122,787 ",3.95%,634,0.61,,,,
"$161,063 ",4.58%,733,0.62,,,,
"$12,838 ",5.85%,675,0.67,,,,
"$38,409 ",6.33%,750,0.58,,,,
"$155,711 ",2.71%,733,0.25,,,,
"$55,248 ",2.66%,676,0.28,,,,
"$147,398 ",4.46%,752,0.9,,,,
"$103,903 ",4.44%,716,0.58,,,,
"$150,831 ",2.86%,796,0.69,,,,
"$111,346 ",6.07%,736,0.42,,,,
"$116,259 ",5.60%,697,0.79,,,,
"$116,655 ",2.69%,715,0.2,,,,
"$193,455 ",3.52%,688,0.8,,,,
"$102,458 ",3.76%,660,0.42,,,,
"$24,963 ",2.44%,791,0.8,,,,
"$62,661 ",5.45%,769,0.93,,,,
"$74,897 ",5.69%,784,0.2,,,,
"$128,681 ",5.68%,638,0.85,,,,
"$167,359 ",6.68%,659,0.88,,,,
"$55,488 ",3.53%,791,0.2,,,,
"$79,337 ",6.60%,765,0.45,,,,
"$49,771 ",2.94%,771,0.95,,,,
"$37,665 ",5.58%,626,0.96,,,,
"$88,642 ",4.35%,623,0.79,,,,
"$106,084 ",5.77%,606,0.75,,,,
"$114,792 ",4.79%,668,0.52,,,,
"$18,573 ",2.79%,683,0.2,,,,
"$17,581 ",2.12%,663,0.24,,,,
"$139,731 ",2.52%,615,0.56,,,,
"$67,408 ",2.97%,622,0.34,,,,
"$112,165 ",4.13%,760,1,,,,
"$86,792 ",5.05%,737,0.2,,,,
"$41,027 ",2.35%,797,0.27,,,,
"$73,612 ",4.78%,767,0.44,,,,
"$75,016 ",3.47%,717,0.58,,,,
"$74,144 ",2.23%,775,1.1,,,,
"$24,766 ",3.23%,800,0.47,,,,
"$55,972 ",6.18%,611,0.27,,,,
"$60,855 ",2.22%,662,0.2,,,,
"$108,108 ",3.55%,674,0.85,,,,
"$91,347 ",6.58%,725,0.9,,,,
"$188,030 ",4.62%,667,0.33,,,,
"$29,036 ",6.50%,740,0.34,,,,
"$84,413 ",5.72%,799,0.71,,,,
"$154,414 ",3.65%,764,0.59,,,,
"$144,785 ",4.65%,616,0.48,,,,
"$195,376 ",3.90%,743,1.04,,,,
"$192,277 ",2.14%,793,0.27,,,,
"$87,060 ",3.25%,787,0.33,,,,
"$124,128 ",4.55%,737,0.68,,,,
"$155,973 ",4.37%,749,0.65,,,,
"$139,340 ",4.10%,677,0.69,,,,
"$119,240 ",3.77%,798,1.06,,,,
"$129,637 ",3.06%,641,0.56,,,,
"$104,910 ",5.79%,767,0.2,,,,
"$49,402 ",5.30%,723,0.86,,,,
"$115,604 ",5.89%,714,0.98,,,,
"$81,580 ",6.14%,651,0.2,,,,
"$17,538 ",2.56%,667,0.61,,,,
"$35,548 ",2.50%,774,0.76,,,,
"$102,752 ",3.30%,677,0.83,,,,
"$26,610 ",5.68%,633,0.28,,,,
"$99,632 ",4.34%,732,1.01,,,,
"$139,376 ",4.71%,734,0.8,,,,
"$131,125 ",5.06%,776,0.28,,,,
"$82,231 ",6.53%,761,0.78,,,,
"$140,462 ",6.37%,608,0.68,,,,
"$187,729 ",5.79%,607,0.64,,,,
"$183,090 ",5.22%,765,1.1,,,,
"$195,581 ",3.72%,637,0.22,,,,
"$159,872 ",5.73%,746,1.08,,,,
"$187,527 ",6.23%,694,0.93,,,,
"$154,972 ",2.63%,736,0.95,,,,
"$132,125 ",2.29%,777,0.61,,,,
"$164,017 ",4.81%,641,0.66,,,,
"$110,959 ",5.40%,795,0.92,,,,
"$40,102 ",4.36%,655,0.27,,,,
"$47,188 ",6.96%,614,0.44,,,,
"$31,392 ",5.93%,612,0.45,,,,
"$175,857 ",6.30%,637,0.49,,,,
"$159,956 ",5.18%,789,0.34,,,,
"$25,913 ",6.43%,746,0.99,,,,
"$53,899 ",5.57%,726,1,,,,
"$12,169 ",6.65%,727,1.08,,,,
"$145,819 ",6.26%,678,0.35,,,,
"$198,179 ",4.71%,723,1,,,,
"$153,917 ",2.29%,684,0.2,,,,
"$101,358 ",6.75%,689,0.66,,,,
"$146,755 ",4.09%,793,0.34,,,,
"$47,987 ",6.88%,694,0.78,,,,
"$151,087 ",2.14%,787,0.2,,,,
"$108,072 ",3.31%,715,0.94,,,,
"$187,731 ",4.34%,731,0.56,,,,
"$71,031 ",5.83%,794,0.23,,,,
"$125,041 ",4.33%,791,0.88,,,,
"$140,292 ",3.24%,622,1.01,,,,
"$43,533 ",4.73%,733,0.63,,,,
"$8,879 ",5.48%,691,0.44,,,,
"$5,013 ",3.25%,789,0.35,,,,
"$86,336 ",6.42%,798,0.47,,,,
"$157,182 ",4.76%,679,0.2,,,,
"$196,166 ",4.23%,654,0.62,,,,
"$136,580 ",6.85%,656,0.64,,,,
"$167,529 ",3.08%,668,0.34,,,,
"$139,076 ",5.40%,772,0.99,,,,
"$193,838 ",3.90%,668,0.93,,,,
"$11,296 ",4.57%,687,0.2,,,,
"$96,441 ",2.64%,604,0.66,,,,
"$8,502 ",4.09%,701,0.99,,,,
"$144,201 ",2.47%,660,0.29,,,,
"$178,201 ",2.92%,730,0.85,,,,
"$27,709 ",4.52%,711,0.58,,,,
"$99,493 ",6.35%,688,1.08,,,,
"$144,537 ",5.55%,631,0.71,,,,
"$108,322 ",4.71%,689,0.89,,,,
"$93,422 ",5.14%,674,0.81,,,,
"$157,886 ",6.22%,779,0.45,,,,
"$93,476 ",4.54%,767,0.2,,,,
"$142,192 ",6.94%,638,0.61,,,,
"$36,845 ",4.56%,773,1.09,,,,
"$97,916 ",6.47%,794,0.36,,,,
"$68,034 ",2.94%,617,0.23,,,,
"$172,991 ",3.38%,676,0.2,,,,
"$15,238 ",2.32%,781,0.4,,,,
"$168,689 ",4.46%,604,0.31,,,,
"$87,547 ",2.84%,730,1,,,,
"$89,527 ",3.13%,601,0.4,,,,
"$108,038 ",3.83%,723,0.82,,,,
"$190,649 ",4.50%,756,0.55,,,,
"$95,361 ",2.11%,740,0.83,,,,
"$18,065 ",2.59%,771,0.37,,,,
"$43,863 ",2.36%,745,0.99,,,,
"$94,615 ",6.03%,615,0.26,,,,
"$69,041 ",5.09%,716,0.93,,,,
"$115,513 ",3.27%,626,0.2,,,,
"$63,516 ",5.98%,748,0.2,,,,
"$124,509 ",4.96%,795,0.2,,,,
"$163,507 ",3.83%,655,0.55,,,,
"$37,188 ",4.37%,791,0.79,,,,
"$175,101 ",6.27%,791,0.86,,,,
"$55,325 ",5.94%,768,0.43,,,,
"$51,615 ",3.06%,692,0.27,,,,
"$142,358 ",6.94%,749,0.37,,,,
"$61,731 ",2.10%,695,0.82,,,,
"$131,369 ",2.14%,704,0.92,,,,
"$97,502 ",4.24%,778,0.47,,,,
"$170,323 ",4.06%,746,0.3,,,,
"$48,213 ",2.34%,713,0.28,,,,
"$163,889 ",3.16%,615,0.99,,,,
"$113,971 ",2.11%,708,0.32,,,,
"$192,859 ",2.15%,666,0.76,,,,
"$34,475 ",3.32%,703,0.85,,,,
"$194,286 ",4.36%,758,0.24,,,,
"$52,910 ",3.58%,661,0.2,,,,
"$8,628 ",6.63%,742,0.81,,,,
"$115,099 ",2.55%,720,0.2,,,,
"$64,469 ",3.90%,612,0.2,,,,
"$62,500 ",6.90%,718,0.2,,,,
"$127,162 ",4.99%,687,0.68,,,,
"$116,368 ",4.21%,662,0.2,,,,
"$121,504 ",4.04%,771,0.59,,,,
"$130,404 ",4.29%,733,0.66,,,,
"$30,775 ",3.99%,722,0.77,,,,
"$37,401 ",5.64%,694,0.67,,,,
"$31,784 ",3.84%,645,0.23,,,,
"$165,896 ",6.23%,755,0.27,,,,
"$147,786 ",6.57%,660,0.54,,,,
"$198,089 ",3.38%,672,0.79,,,,
"$172,187 ",6.24%,744,0.94,,,,
"$165,088 ",4.61%,786,1.06,,,,
"$184,734 ",6.35%,773,0.82,,,,
"$110,028 ",3.57%,606,1.08,,,,
"$11,109 ",4.86%,706,0.5,,,,
"$192,913 ",6.13%,617,0.9,,,,
"$60,783 ",3.40%,614,0.3,,,,
"$109,814 ",6.29%,638,0.6,,,,
"$179,341 ",4.25%,681,0.91,,,,
"$19,678 ",2.75%,753,0.54,,,,
"$90,134 ",6.03%,706,0.45,,,,
"$106,480 ",2.20%,757,0.63,,,,
"$44,010 ",3.90%,722,0.64,,,,
"$31,442 ",5.51%,758,0.24,,,,
"$7,980 ",5.65%,780,0.5,,,,
"$81,304 ",6.53%,610,0.86,,,,
"$84,835 ",5.49%,641,1.02,,,,
"$20,953 ",5.20%,665,0.42,,,,
"$102,365 ",3.21%,674,0.93,,,,
"$166,405 ",6.11%,676,0.32,,,,
"$190,944 ",2.10%,608,1.01,,,,
"$115,322 ",4.54%,705,0.55,,,,
"$122,521 ",4.59%,637,1.08,,,,
"$75,861 ",6.95%,650,0.34,,,,
"$28,224 ",5.48%,689,0.81,,,,
"$160,866 ",6.73%,755,1.04,,,,
"$142,962 ",4.90%,706,0.95,,,,
"$147,482 ",6.21%,697,0.92,,,,
"$63,225 ",4.37%,640,0.83,,,,
"$93,341 ",5.29%,689,0.25,,,,
"$174,222 ",3.77%,667,0.39,,,,
"$197,589 ",6.49%,609,0.58,,,,
"$41,247 ",5.85%,694,0.27,,,,
"$84,944 ",4.37%,632,1.02,,,,
"$152,468 ",3.83%,765,0.54,,,,
"$39,563 ",4.78%,669,0.29,,,,
"$23,573 ",5.59%,736,0.65,,,,
"$135,973 ",5.62%,648,1.03,,,,
"$49,876 ",5.22%,742,0.61,,,,
"$151,352 ",3.00%,739,0.42,,,,
"$153,624 ",2.59%,640,1.04,,,,
"$179,803 ",6.62%,689,0.25,,,,
"$57,397 ",4.05%,767,0.2,,,,
"$78,660 ",3.24%,614,1.07,,,,
"$35,967 ",4.70%,725,0.95,,,,
"$49,837 ",3.85%,676,0.65,,,,
"$71,237 ",3.40%,723,1.05,,,,
"$24,000 ",2.32%,649,1.1,,,,
"$35,544 ",5.53%,601,0.53,,,,
"$124,317 ",3.53%,731,0.53,,,,
"$58,298 ",3.85%,609,0.46,,,,
"$174,334 ",2.60%,789,0.2,,,,
"$122,585 ",4.64%,602,0.48,,,,
"$195,828 ",5.34%,687,0.25,,,,
"$96,164 ",5.37%,646,0.82,,,,
"$125,755 ",5.85%,733,0.84,,,,
"$86,848 ",5.25%,676,0.2,,,,
"$146,085 ",4.16%,797,1,,,,
"$173,139 ",2.92%,739,0.2,,,,
"$134,382 ",2.99%,798,0.53,,,,
"$85,423 ",4.96%,730,0.54,,,,
"$88,296 ",4.56%,617,0.2,,,,
"$183,937 ",6.75%,733,0.93,,,,
"$143,636 ",2.60%,714,1.01,,,,
"$170,341 ",5.46%,661,0.31,,,,
"$178,211 ",5.99%,643,0.23,,,,
"$183,278 ",2.47%,619,0.62,,,,
"$84,486 ",5.90%,774,0.55,,,,
"$88,846 ",3.29%,715,0.36,,,,
"$185,920 ",3.90%,650,0.67,,,,
"$136,065 ",5.21%,720,0.91,,,,
"$38,827 ",5.91%,621,0.2,,,,
"$38,386 ",2.62%,609,0.77,,,,
"$140,841 ",3.53%,601,1.02,,,,
"$85,164 ",6.73%,779,0.26,,,,
"$193,314 ",5.57%,696,0.6,,,,
"$194,296 ",6.88%,796,0.28,,,,
"$112,865 ",5.08%,723,0.76,,,,
"$155,818 ",3.52%,689,0.47,,,,
"$167,278 ",5.13%,608,0.36,,,,
"$168,379 ",3.53%,604,0.36,,,,
"$128,422 ",3.00%,687,0.73,,,,
"$157,357 ",2.67%,784,0.77,,,,
"$113,346 ",5.07%,763,0.2,,,,
"$176,339 ",6.66%,606,0.89,,,,
"$47,823 ",4.57%,702,0.57,,,,
"$11,029 ",3.18%,699,1.09,,,,
"$99,015 ",5.42%,741,0.35,,,,
"$141,034 ",6.73%,621,0.29,,,,
"$79,932 ",2.21%,774,0.57,,,,
"$33,902 ",2.87%,797,0.58,,,,
"$129,156 ",3.18%,799,0.57,,,,
"$173,719 ",6.58%,693,0.69,,,,
"$87,286 ",5.75%,702,0.7,,,,
"$162,781 ",6.03%,746,0.57,,,,
"$15,264 ",3.44%,734,0.85,,,,
"$28,897 ",6.46%,758,0.46,,,,
"$179,884 ",5.86%,692,0.2,,,,
"$151,866 ",4.81%,770,0.44,,,,
"$6,169 ",4.77%,636,1.02,,,,
"$8,886 ",4.02%,709,0.32,,,,
"$11,127 ",4.73%,646,0.55,,,,
"$124,818 ",6.26%,636,0.46,,,,
"$189,200 ",5.87%,631,0.33,,,,
"$176,558 ",3.82%,603,0.8,,,,
"$100,558 ",4.12%,735,0.37,,,,
"$182,430 ",2.77%,613,0.59,,,,
"$156,904 ",5.76%,608,0.91,,,,
"$139,140 ",4.20%,715,0.23,,,,
"$74,878 ",3.00%,730,0.28,,,,
"$71,958 ",4.10%,654,0.8,,,,
"$179,197 ",3.38%,731,1.1,,,,
"$120,036 ",2.56%,663,0.52,,,,
"$49,490 ",6.74%,733,1.02,,,,
"$188,377 ",5.39%,719,0.94,,,,
"$26,269 ",4.85%,705,0.41,,,,
"$188,068 ",2.08%,778,1.01,,,,
"$56,679 ",5.66%,753,0.27,,,,
"$152,235 ",2.42%,732,0.63,,,,
"$77,690 ",2.45%,654,0.2,,,,
"$79,040 ",4.39%,731,0.38,,,,
"$95,954 ",5.86%,743,0.27,,,,
"$146,220 ",2.66%,758,0.38,,,,
"$36,352 ",2.80%,709,1.1,,,,
"$176,058 ",5.47%,765,0.45,,,,
"$38,437 ",4.51%,608,1,,,,
"$27,001 ",6.85%,744,0.25,,,,
"$175,438 ",4.89%,699,0.93,,,,
"$161,030 ",3.35%,616,0.77,,,,
"$99,831 ",3.62%,615,0.74,,,,
"$162,345 ",4.96%,786,0.71,,,,
"$7,564 ",6.18%,735,0.96,,,,
"$51,228 ",3.61%,791,1.06,,,,
"$88,918 ",3.10%,679,0.34,,,,
"$187,561 ",5.13%,620,0.91,,,,
"$28,700 ",2.19%,653,0.54,,,,
"$99,245 ",4.99%,724,0.36,,,,
"$71,590 ",4.99%,695,0.68,,,,
"$125,266 ",5.81%,606,1.1,,,,
"$14,529 ",7.00%,669,0.6,,,,
"$67,586 ",4.53%,680,0.54,,,,
"$152,663 ",5.27%,609,0.86,,,,
"$86,807 ",2.65%,738,0.51,,,,
"$139,025 ",5.55%,651,0.39,,,,
"$37,794 ",3.32%,628,0.64,,,,
"$62,315 ",6.93%,677,0.44,,,,
"$127,681 ",2.77%,609,1.05,,,,
"$31,047 ",5.29%,629,1.03,,,,
"$95,475 ",5.11%,786,1.04,,,,
"$65,626 ",5.83%,666,0.7,,,,
"$142,997 ",4.37%,780,0.67,,,,
"$190,825 ",2.78%,688,0.28,,,,
"$61,058 ",5.40%,654,0.65,,,,
"$114,151 ",5.38%,633,0.27,,,,
"$82,068 ",6.27%,701,0.42,,,,
"$27,585 ",6.85%,609,0.32,,,,
"$181,838 ",4.97%,717,0.6,,,,
"$189,497 ",3.90%,664,0.2,,,,
"$129,666 ",2.57%,653,0.52,,,,
"$71,075 ",5.61%,782,0.26,,,,
"$141,032 ",3.16%,694,0.21,,,,
"$162,356 ",4.08%,616,0.99,,,,
"$123,956 ",3.58%,751,0.7,,,,
"$25,124 ",2.09%,645,0.94,,,,
"$98,198 ",2.73%,602,0.54,,,,
"$48,422 ",5.43%,662,0.92,,,,
"$98,996 ",4.56%,621,0.7,,,,
"$146,596 ",2.88%,786,0.8,,,,
"$8,281 ",6.00%,764,0.2,,,,
"$125,252 ",6.37%,707,1.06,,,,
"$142,458 ",3.54%,745,1.07,,,,
"$135,356 ",3.50%,796,0.6,,,,
"$12,982 ",4.02%,685,0.83,,,,
"$31,601 ",6.52%,643,0.34,,,,
"$108,940 ",3.89%,663,0.95,,,,
"$138,403 ",6.78%,787,1.01,,,,
"$109,224 ",4.91%,716,0.32,,,,
"$157,382 ",2.33%,620,0.62,,,,
"$117,971 ",4.89%,668,0.52,,,,
"$191,554 ",2.34%,685,0.87,,,,
"$19,130 ",3.62%,765,0.99,,,,
"$9,725 ",5.87%,743,0.6,,,,
"$99,954 ",3.79%,700,1.07,,,,
"$44,283 ",4.64%,718,1,,,,
"$151,003 ",2.87%,673,1,,,,
"$56,193 ",4.24%,694,1.01,,,,
"$135,032 ",5.21%,773,0.96,,,,
"$28,349 ",2.17%,774,0.84,,,,
"$121,017 ",4.33%,612,0.33,,,,
"$90,176 ",4.65%,784,0.2,,,,
"$147,828 ",2.99%,653,0.71,,,,
"$193,461 ",4.26%,765,0.71,,,,
"$106,902 ",7.00%,661,0.92,,,,
"$26,305 ",5.71%,710,0.2,,,,
"$20,461 ",6.79%,793,0.64,,,,
"$191,681 ",5.42%,729,0.47,,,,
"$142,284 ",2.65%,664,0.59,,,,
"$189,915 ",4.53%,601,0.88,,,,
"$67,110 ",6.01%,689,0.86,,,,
"$126,472 ",6.39%,625,0.39,,,,
"$94,098 ",6.37%,681,0.76,,,,
"$84,803 ",4.13%,716,0.3,,,,
"$184,756 ",5.85%,715,0.4,,,,
"$24,501 ",4.52%,786,1.06,,,,
"$35,063 ",5.73%,780,0.2,,,,
"$41,043 ",2.76%,693,0.76,,,,
"$15,547 ",6.57%,615,0.77,,,,
"$50,975 ",3.97%,775,0.85,,,,
"$164,032 ",2.13%,770,0.26,,,,
"$130,625 ",4.50%,607,0.51,,,,
"$98,301 ",4.22%,722,0.2,,,,
"$156,036 ",4.79%,747,0.79,,,,
"$102,554 ",2.49%,755,1,,,,
"$151,037 ",4.06%,659,1.05,,,,
"$118,491 ",2.49%,668,0.58,,,,
"$198,867 ",6.86%,627,0.2,,,,
"$198,889 ",3.93%,690,0.23,,,,
"$112,734 ",3.12%,719,0.95,,,,
"$130,523 ",3.04%,656,0.27,,,,
"$65,488 ",6.25%,632,0.2,,,,
"$45,397 ",2.86%,782,0.26,,,,
"$123,658 ",3.04%,777,0.27,,,,
"$69,727 ",4.66%,684,1.02,,,,
"$193,267 ",4.17%,795,0.38,,,,
"$131,577 ",3.72%,733,1.01,,,,
"$93,764 ",3.53%,776,0.35,,,,
"$128,287 ",5.19%,656,0.22,,,,
"$24,945 ",3.55%,693,0.2,,,,
"$15,599 ",5.03%,678,0.2,,,,
"$188,514 ",4.08%,700,0.99,,,,
"$180,041 ",6.29%,712,0.56,,,,
"$162,184 ",4.71%,778,0.22,,,,
"$74,037 ",5.84%,709,1.01,,,,
"$151,497 ",4.48%,609,1.05,,,,
"$133,835 ",2.23%,784,0.25,,,,
"$23,230 ",4.77%,779,0.3,,,,
"$198,508 ",3.78%,747,0.99,,,,
"$107,435 ",5.58%,726,0.47,,,,
"$184,285 ",6.93%,629,0.5,,,,
"$58,830 ",6.82%,786,0.84,,,,
"$15,885 ",6.68%,673,0.82,,,,
"$181,399 ",5.26%,798,0.81,,,,
"$155,313 ",4.38%,734,0.89,,,,
"$20,842 ",3.40%,613,0.28,,,,
"$91,678 ",6.53%,691,0.59,,,,
"$94,392 ",2.47%,719,0.71,,,,
"$117,116 ",4.53%,740,0.45,,,,
"$108,660 ",2.84%,610,0.2,,,,
"$17,011 ",2.71%,604,0.87,,,,
"$44,627 ",2.36%,780,0.4,,,,
"$32,500 ",5.21%,666,0.2,,,,
"$31,384 ",4.18%,655,0.91,,,,
"$178,422 ",2.75%,746,0.2,,,,
"$147,462 ",6.17%,795,1.05,,,,
"$80,847 ",4.42%,601,1.03,,,,
"$132,239 ",5.81%,615,0.33,,,,
"$18,569 ",4.15%,649,0.6,,,,
"$114,815 ",6.21%,749,1.07,,,,
"$123,516 ",2.90%,720,0.95,,,,
"$20,680 ",3.75%,659,0.97,,,,
"$108,080 ",6.10%,642,0.34,,,,
"$110,722 ",6.80%,772,0.89,,,,
"$6,091 ",2.38%,672,0.2,,,,
"$49,182 ",3.97%,682,0.83,,,,
"$16,184 ",4.78%,631,1.06,,,,
"$197,173 ",5.65%,752,0.41,,,,
"$141,844 ",5.70%,688,1.08,,,,
"$175,190 ",5.79%,749,1.02,,,,
"$22,635 ",6.63%,650,1.06,,,,
"$193,561 ",2.80%,722,1.02,,,,
"$18,943 ",5.02%,660,1.02,,,,
"$166,396 ",6.62%,617,1.02,,,,
"$123,369 ",2.51%,759,0.59,,,,
"$12,137 ",2.33%,761,1.07,,,,
"$115,496 ",2.02%,677,0.2,,,,
"$57,144 ",6.69%,738,0.2,,,,
"$111,944 ",4.10%,780,0.36,,,,
"$99,193 ",4.58%,772,1.05,,,,
"$173,365 ",6.09%,657,1.06,,,,
"$45,302 ",6.69%,658,0.37,,,,
"$51,975 ",3.67%,650,0.21,,,,
"$59,604 ",2.83%,765,0.51,,,,
"$76,106 ",3.20%,728,0.67,,,,
"$166,272 ",5.37%,787,0.88,,,,
"$128,472 ",4.92%,692,0.55,,,,
"$142,416 ",4.69%,767,0.67,,,,
"$16,830 ",6.19%,792,0.85,,,,
"$125,662 ",6.71%,763,0.33,,,,
"$167,175 ",5.46%,779,0.86,,,,
"$148,759 ",2.41%,773,0.2,,,,
"$29,611 ",6.10%,735,0.27,,,,
"$109,912 ",6.27%,606,0.51,,,,
"$18,935 ",3.71%,718,0.47,,,,
"$31,701 ",3.08%,758,0.46,,,,
"$158,135 ",6.45%,691,0.43,,,,
"$42,099 ",6.55%,609,0.33,,,,
"$78,114 ",6.01%,716,0.53,,,,
"$99,445 ",3.50%,727,0.98,,,,
"$8,131 ",5.66%,700,1.1,,,,
"$20,421 ",2.66%,780,0.55,,,,
"$128,812 ",4.33%,744,0.45,,,,
"$128,350 ",4.19%,784,1.09,,,,
"$68,368 ",6.12%,664,0.24,,,,
"$18,588 ",4.94%,614,0.92,,,,
"$127,428 ",5.62%,777,0.2,,,,
"$159,007 ",4.06%,757,0.46,,,,
"$92,530 ",5.52%,688,0.6,,,,
"$84,792 ",3.27%,674,0.2,,,,
"$6,441 ",2.94%,730,0.2,,,,
"$191,988 ",5.43%,733,0.99,,,,
"$61,406 ",5.87%,684,0.26,,,,
"$66,298 ",3.26%,703,0.96,,,,
"$139,515 ",6.65%,746,0.78,,,,
"$73,831 ",4.19%,640,0.32,,,,
"$30,704 ",2.76%,625,0.94,,,,
"$106,687 ",4.55%,636,0.78,,,,
"$45,058 ",3.45%,787,0.2,,,,
"$109,474 ",3.97%,636,0.81,,,,
"$171,040 ",2.11%,759,1.02,,,,
"$172,189 ",4.21%,631,0.69,,,,
"$181,729 ",6.75%,751,0.42,,,,
"$46,655 ",3.14%,685,0.56,,,,
"$119,440 ",4.39%,794,0.89,,,,
"$92,144 ",5.09%,753,1.02,,,,
"$145,881 ",4.49%,739,0.86,,,,
"$46,693 ",4.53%,762,0.21,,,,
"$45,197 ",5.34%,670,1.07,,,,
"$191,331 ",6.28%,688,0.5,,,,
"$41,979 ",6.12%,616,0.32,,,,
"$168,912 ",3.45%,729,0.47,,,,
"$76,826 ",2.98%,738,0.3,,,,
"$108,218 ",4.81%,637,0.94,,,,
"$10,633 ",3.53%,610,0.94,,,,
"$196,691 ",6.10%,778,0.2,,,,
"$25,545 ",5.69%,707,0.64,,,,
"$71,826 ",6.37%,702,0.87,,,,
"$175,086 ",5.86%,745,1.07,,,,
"$191,635 ",5.61%,688,0.89,,,,
"$33,124 ",6.73%,758,0.44,,,,
"$164,324 ",5.98%,686,0.4,,,,
"$182,941 ",5.89%,734,1.01,,,,
"$179,249 ",5.01%,759,1.04,,,,
"$178,439 ",4.84%,791,0.44,,,,
"$163,193 ",5.10%,618,0.53,,,,
"$76,075 ",6.93%,753,0.68,,,,
"$174,478 ",6.53%,711,0.47,,,,
"$60,251 ",3.37%,677,0.21,,,,
"$89,340 ",5.44%,712,0.53,,,,
"$62,528 ",5.09%,646,0.2,,,,
"$35,257 ",5.85%,600,0.72,,,,
"$92,512 ",6.90%,749,0.93,,,,
"$32,263 ",2.52%,631,0.2,,,,
"$22,874 ",4.54%,715,0.42,,,,
"$25,531 ",2.14%,664,1.08,,,,
"$174,863 ",6.07%,705,1.05,,,,
"$189,210 ",2.22%,703,0.91,,,,
"$175,073 ",3.96%,613,0.89,,,,
"$155,889 ",5.28%,783,0.25,,,,
"$89,065 ",4.50%,666,0.24,,,,
"$69,255 ",2.45%,753,1.1,,,,
"$191,895 ",5.05%,704,0.2,,,,
"$64,424 ",3.31%,771,0.42,,,,
"$122,208 ",6.42%,706,0.2,,,,
"$110,195 ",5.57%,646,1.04,,,,
"$80,100 ",2.40%,603,0.22,,,,
"$105,894 ",2.29%,735,0.73,,,,
"$74,951 ",5.45%,640,0.41,,,,
"$176,099 ",4.05%,768,0.65,,,,
"$164,112 ",3.74%,714,0.83,,,,
"$153,452 ",3.23%,642,0.41,,,,
"$16,270 ",2.81%,698,1,,,,
"$100,272 ",6.36%,775,0.65,,,,
"$151,808 ",3.93%,763,0.72,,,,
"$46,954 ",3.28%,745,0.99,,,,
"$167,518 ",3.57%,796,0.51,,,,
"$157,541 ",5.38%,701,0.79,,,,
"$190,677 ",6.11%,662,0.6,,,,
"$65,387 ",5.59%,610,0.22,,,,
"$188,576 ",3.94%,777,0.98,,,,
"$147,643 ",5.90%,731,0.7,,,,
"$159,520 ",4.28%,672,0.41,,,,
"$197,821 ",4.40%,770,0.2,,,,
"$62,572 ",3.21%,615,0.26,,,,
"$52,077 ",6.34%,650,0.4,,,,
"$154,828 ",3.68%,728,1.09,,,,
"$13,589 ",2.46%,792,0.42,,,,
"$86,566 ",2.00%,677,0.53,,,,
"$194,969 ",3.92%,777,0.8,,,,
"$187,744 ",3.62%,628,0.36,,,,
"$167,335 ",5.73%,662,0.47,,,,
"$12,541 ",2.62%,757,0.79,,,,
"$164,737 ",6.67%,727,0.93,,,,
"$168,742 ",3.80%,742,0.95,,,,
"$11,253 ",6.87%,747,0.35,,,,
"$159,812 ",4.20%,696,1.08,,,,
"$31,023 ",3.75%,776,1.1,,,,
"$31,571 ",5.39%,694,0.92,,,,
"$89,285 ",3.06%,678,0.59,,,,
"$22,409 ",2.96%,748,1.05,,,,
"$117,470 ",3.80%,633,0.75,,,,
"$10,705 ",4.94%,734,1.08,,,,
"$130,646 ",4.78%,714,0.2,,,,
"$198,617 ",4.94%,796,1.01,,,,
"$94,860 ",6.75%,650,0.31,,,,
"$160,014 ",5.94%,684,0.37,,,,
"$170,205 ",3.01%,651,0.7,,,,
"$89,006 ",2.57%,772,0.75,,,,
"$193,368 ",6.13%,669,0.28,,,,
"$140,820 ",3.04%,648,0.68,,,,
"$142,871 ",6.99%,608,0.95,,,,
"$154,673 ",3.37%,639,0.26,,,,
"$194,062 ",6.24%,604,0.23,,,,
"$82,544 ",6.10%,778,0.66,,,,
"$184,327 ",5.55%,671,0.51,,,,
"$48,807 ",4.55%,665,0.38,,,,
"$59,454 ",5.12%,617,0.37,,,,
"$144,825 ",5.85%,756,0.43,,,,
"$51,586 ",2.43%,635,1.02,,,,
"$58,905 ",3.01%,747,0.2,,,,
"$129,399 ",2.92%,765,1.02,,,,
"$138,076 ",3.84%,762,0.2,,,,
"$151,877 ",3.10%,756,0.54,,,,
"$165,340 ",5.19%,678,0.78,,,,
"$36,586 ",3.27%,768,0.27,,,,
"$152,440 ",6.65%,674,0.87,,,,
"$135,034 ",5.96%,739,0.2,,,,
"$84,137 ",5.30%,653,0.63,,,,
"$30,217 ",6.05%,761,0.95,,,,
"$154,079 ",6.08%,650,0.38,,,,
"$25,731 ",5.68%,649,0.73,,,,
"$109,085 ",2.32%,643,0.21,,,,
"$120,096 ",5.73%,758,0.77,,,,
"$171,120 ",4.00%,614,0.39,,,,
"$187,036 ",5.25%,743,0.47,,,,
"$65,740 ",4.74%,755,0.42,,,,
"$164,841 ",4.69%,668,0.6,,,,
"$7,109 ",3.13%,773,0.2,,,,
"$5,158 ",5.21%,771,0.9,,,,
"$131,178 ",3.45%,676,0.2,,,,
"$87,797 ",5.15%,750,0.38,,,,
"$141,626 ",3.55%,716,0.84,,,,
"$62,831 ",4.12%,684,0.87,,,,
"$79,726 ",3.23%,729,0.24,,,,
"$15,640 ",5.51%,790,0.38,,,,
"$11,309 ",5.68%,698,0.71,,,,
"$90,901 ",3.30%,657,1.08,,,,
"$109,022 ",3.62%,684,0.21,,,,
"$77,310 ",3.95%,770,0.39,,,,
"$129,974 ",2.27%,605,0.9,,,,
"$79,523 ",4.24%,619,0.3,,,,
"$64,382 ",4.91%,719,0.53,,,,
"$35,898 ",2.34%,668,0.66,,,,
"$109,472 ",3.78%,702,0.9,,,,
"$84,857 ",5.58%,760,0.72,,,,
"$128,117 ",4.44%,670,0.51,,,,
"$134,002 ",2.86%,670,1.09,,,,
"$113,162 ",3.43%,679,1.06,,,,